channel,name,color,group,group
5,South FAST,W,Fast Tubes,Test Fast
6,East FAST,W,Fast Tubes,
9,Mini Tree 1,W,Mini Trees,
10,Mini Tree 2,W,Mini Trees,
11,Mini Tree 3,W,Mini Trees,
13,Candy Cane group 1,W,Candy Canes,
14,Candy Cane group 2,W,Candy Canes,
15,Candy Cane group 3,W,Candy Canes,
16,Candy Cane group 4,W,Candy Canes,
17,Upper Window Star West,W,Window 5 Extras,
18,Upper Window Star Top,W,Window 5 Extras,
19,Upper Window Start East,W,Window 5 Extras,
20,Upper Window Icicles,W,Window 5 Extras,
21,Window 1,RBG,Window Frames/Window 1,
25,Window 2,RBG,Window Frames/Window 2,
29,Window 3,RBG,Window Frames/Window 3,
33,Window 5,RBG,Window Frames/Window 5,
37,Upstairs Stocking,W,Window Wireframes,
38,Upstairs Bow,W,Window Wireframes,
41,Porch Santa Head 1,W,Window Wireframes,
42,Porch Stocking 1,W,Window Wireframes,
43,Porch Christmas Tree,W,Window Wireframes,
44,Porch Bow,W,Window Wireframes,
45,Porch Stocking 2,W,Window Wireframes,
46,Porch Santa Head 2,W,Window Wireframes,
47,Porch Santa Full,W,Window Wireframes,
48,Porch Stocking 3,W,Window Wireframes,
49,MT Star Red,R,Mega Tree/Star,
50,MT Star Green,G,Mega Tree/Star,
51,MT Star White,W,Mega Tree/Star,
52,MT Star Multi,W,Mega Tree/Star,
73,Marty Fan 1,W,Marty Fan,
74,Marty Fan 2,W,Marty Fan,
75,Marty Fan 3,W,Marty Fan,
76,Marty Fan 4,W,Marty Fan,
77,Marty Fan 5,W,Marty Fan,
78,Marty Fan 6,W,Marty Fan,
79,Marty Fan 7,W,Marty Fan,
80,Marty Fan 8,W,Marty Fan,
81,Marty Fan 9,W,Marty Fan,
82,Marty Fan 10,W,Marty Fan,
83,Marty Fan 11,W,Marty Fan,
84,Marty Fan 12,W,Marty Fan,
85,Marty Fan 13,W,Marty Fan,
86,Marty Fan 14,W,Marty Fan,
87,Marty Fan 15,W,Marty Fan,
88,Marty Fan 16,W,Marty Fan,
89,Marty Fan 17,W,Marty Fan,
90,Marty Fan 18,W,Marty Fan,
91,Marty Fan 19,W,Marty Fan,
92,Marty Fan 20,W,Marty Fan,
93,Marty Fan Border,W,Marty Fan,
95,Window 4,W,Window Frames/Window 4,
96,Tune to sign,W,,
97,Arch 1 - 1,W,Arches/Arch 1,
98,Arch 1 - 2,W,Arches/Arch 1,
99,Arch 1 - 3,W,Arches/Arch 1,
100,Arch 1 - 4,W,Arches/Arch 1,
101,Arch 1 - 5,W,Arches/Arch 1,
102,Arch 1 - 6,W,Arches/Arch 1,
103,Arch 1 - 7,W,Arches/Arch 1,
104,Arch 1 - 8,W,Arches/Arch 1,
105,Arch 2 - 1,W,Arches/Arch 2,
106,Arch 2 - 2,W,Arches/Arch 2,
107,Arch 2 - 3,W,Arches/Arch 2,
108,Arch 2 - 4,W,Arches/Arch 2,
109,Arch 2 - 5,W,Arches/Arch 2,
110,Arch 2 - 6,W,Arches/Arch 2,
111,Arch 2 - 7,W,Arches/Arch 2,
112,Arch 2 - 8,W,Arches/Arch 2,
113,Arch 3 - 1,W,Arches/Arch 3,
114,Arch 3 - 2,W,Arches/Arch 3,
115,Arch 3 - 3,W,Arches/Arch 3,
116,Arch 3 - 4,W,Arches/Arch 3,
117,Arch 3 - 5,W,Arches/Arch 3,
118,Arch 3 - 6,W,Arches/Arch 3,
119,Arch 3 - 7,W,Arches/Arch 3,
120,Arch 3 - 8,W,Arches/Arch 3,
121,Arch 4 - 1,W,Arches/Arch 4,
122,Arch 4 - 2,W,Arches/Arch 4,
123,Arch 4 - 3,W,Arches/Arch 4,
124,Arch 4 - 4,W,Arches/Arch 4,
125,Arch 4 - 5,W,Arches/Arch 4,
126,Arch 4 - 6,W,Arches/Arch 4,
127,Arch 4 - 7,W,Arches/Arch 4,
128,Arch 4 - 8,W,Arches/Arch 4,
129,Pixel 1,RGB,Mega Tree/String 1,
132,Pixel 2,RGB,Mega Tree/String 1,
135,Pixel 3,RGB,Mega Tree/String 1,
138,Pixel 4,RGB,Mega Tree/String 1,
141,Pixel 5,RGB,Mega Tree/String 1,
144,Pixel 6,RGB,Mega Tree/String 1,
147,Pixel 7,RGB,Mega Tree/String 1,
150,Pixel 8,RGB,Mega Tree/String 1,
153,Pixel 9,RGB,Mega Tree/String 1,
156,Pixel 10,RGB,Mega Tree/String 1,
159,Pixel 11,RGB,Mega Tree/String 1,
162,Pixel 12,RGB,Mega Tree/String 1,
165,Pixel 13,RGB,Mega Tree/String 1,
168,Pixel 14,RGB,Mega Tree/String 1,
171,Pixel 15,RGB,Mega Tree/String 1,
174,Pixel 16,RGB,Mega Tree/String 1,
177,Pixel 17,RGB,Mega Tree/String 1,
180,Pixel 18,RGB,Mega Tree/String 1,
183,Pixel 19,RGB,Mega Tree/String 1,
186,Pixel 20,RGB,Mega Tree/String 1,
189,Pixel 21,RGB,Mega Tree/String 1,
192,Pixel 22,RGB,Mega Tree/String 1,
195,Pixel 23,RGB,Mega Tree/String 1,
198,Pixel 24,RGB,Mega Tree/String 1,
201,Pixel 25,RGB,Mega Tree/String 1,
204,Pixel 1,RGB,Mega Tree/String 2,
207,Pixel 2,RGB,Mega Tree/String 2,
210,Pixel 3,RGB,Mega Tree/String 2,
213,Pixel 4,RGB,Mega Tree/String 2,
216,Pixel 5,RGB,Mega Tree/String 2,
219,Pixel 6,RGB,Mega Tree/String 2,
222,Pixel 7,RGB,Mega Tree/String 2,
225,Pixel 8,RGB,Mega Tree/String 2,
228,Pixel 9,RGB,Mega Tree/String 2,
231,Pixel 10,RGB,Mega Tree/String 2,
234,Pixel 11,RGB,Mega Tree/String 2,
237,Pixel 12,RGB,Mega Tree/String 2,
240,Pixel 13,RGB,Mega Tree/String 2,
243,Pixel 14,RGB,Mega Tree/String 2,
246,Pixel 15,RGB,Mega Tree/String 2,
249,Pixel 16,RGB,Mega Tree/String 2,
252,Pixel 17,RGB,Mega Tree/String 2,
255,Pixel 18,RGB,Mega Tree/String 2,
258,Pixel 19,RGB,Mega Tree/String 2,
261,Pixel 20,RGB,Mega Tree/String 2,
264,Pixel 21,RGB,Mega Tree/String 2,
267,Pixel 22,RGB,Mega Tree/String 2,
270,Pixel 23,RGB,Mega Tree/String 2,
273,Pixel 24,RGB,Mega Tree/String 2,
276,Pixel 25,RGB,Mega Tree/String 2,
279,Pixel 1,RGB,Mega Tree/String 3,
282,Pixel 2,RGB,Mega Tree/String 3,
285,Pixel 3,RGB,Mega Tree/String 3,
288,Pixel 4,RGB,Mega Tree/String 3,
291,Pixel 5,RGB,Mega Tree/String 3,
294,Pixel 6,RGB,Mega Tree/String 3,
297,Pixel 7,RGB,Mega Tree/String 3,
300,Pixel 8,RGB,Mega Tree/String 3,
303,Pixel 9,RGB,Mega Tree/String 3,
306,Pixel 10,RGB,Mega Tree/String 3,
309,Pixel 11,RGB,Mega Tree/String 3,
312,Pixel 12,RGB,Mega Tree/String 3,
315,Pixel 13,RGB,Mega Tree/String 3,
318,Pixel 14,RGB,Mega Tree/String 3,
321,Pixel 15,RGB,Mega Tree/String 3,
324,Pixel 16,RGB,Mega Tree/String 3,
327,Pixel 17,RGB,Mega Tree/String 3,
330,Pixel 18,RGB,Mega Tree/String 3,
333,Pixel 19,RGB,Mega Tree/String 3,
336,Pixel 20,RGB,Mega Tree/String 3,
339,Pixel 21,RGB,Mega Tree/String 3,
342,Pixel 22,RGB,Mega Tree/String 3,
345,Pixel 23,RGB,Mega Tree/String 3,
348,Pixel 24,RGB,Mega Tree/String 3,
351,Pixel 25,RGB,Mega Tree/String 3,
354,Pixel 1,RGB,Mega Tree/String 4,
357,Pixel 2,RGB,Mega Tree/String 4,
360,Pixel 3,RGB,Mega Tree/String 4,
363,Pixel 4,RGB,Mega Tree/String 4,
366,Pixel 5,RGB,Mega Tree/String 4,
369,Pixel 6,RGB,Mega Tree/String 4,
372,Pixel 7,RGB,Mega Tree/String 4,
375,Pixel 8,RGB,Mega Tree/String 4,
378,Pixel 9,RGB,Mega Tree/String 4,
381,Pixel 10,RGB,Mega Tree/String 4,
384,Pixel 11,RGB,Mega Tree/String 4,
387,Pixel 12,RGB,Mega Tree/String 4,
390,Pixel 13,RGB,Mega Tree/String 4,
393,Pixel 14,RGB,Mega Tree/String 4,
396,Pixel 15,RGB,Mega Tree/String 4,
399,Pixel 16,RGB,Mega Tree/String 4,
402,Pixel 17,RGB,Mega Tree/String 4,
405,Pixel 18,RGB,Mega Tree/String 4,
408,Pixel 19,RGB,Mega Tree/String 4,
411,Pixel 20,RGB,Mega Tree/String 4,
414,Pixel 21,RGB,Mega Tree/String 4,
417,Pixel 22,RGB,Mega Tree/String 4,
420,Pixel 23,RGB,Mega Tree/String 4,
423,Pixel 24,RGB,Mega Tree/String 4,
426,Pixel 25,RGB,Mega Tree/String 4,
429,Pixel 1,RGB,Mega Tree/String 5,
432,Pixel 2,RGB,Mega Tree/String 5,
435,Pixel 3,RGB,Mega Tree/String 5,
438,Pixel 4,RGB,Mega Tree/String 5,
441,Pixel 5,RGB,Mega Tree/String 5,
444,Pixel 6,RGB,Mega Tree/String 5,
447,Pixel 7,RGB,Mega Tree/String 5,
450,Pixel 8,RGB,Mega Tree/String 5,
453,Pixel 9,RGB,Mega Tree/String 5,
456,Pixel 10,RGB,Mega Tree/String 5,
459,Pixel 11,RGB,Mega Tree/String 5,
462,Pixel 12,RGB,Mega Tree/String 5,
465,Pixel 13,RGB,Mega Tree/String 5,
468,Pixel 14,RGB,Mega Tree/String 5,
471,Pixel 15,RGB,Mega Tree/String 5,
474,Pixel 16,RGB,Mega Tree/String 5,
477,Pixel 17,RGB,Mega Tree/String 5,
480,Pixel 18,RGB,Mega Tree/String 5,
483,Pixel 19,RGB,Mega Tree/String 5,
486,Pixel 20,RGB,Mega Tree/String 5,
489,Pixel 21,RGB,Mega Tree/String 5,
492,Pixel 22,RGB,Mega Tree/String 5,
495,Pixel 23,RGB,Mega Tree/String 5,
498,Pixel 24,RGB,Mega Tree/String 5,
501,Pixel 25,RGB,Mega Tree/String 5,
504,Pixel 1,RGB,Mega Tree/String 6,
507,Pixel 2,RGB,Mega Tree/String 6,
510,Pixel 3,RGB,Mega Tree/String 6,
513,Pixel 4,RGB,Mega Tree/String 6,
516,Pixel 5,RGB,Mega Tree/String 6,
519,Pixel 6,RGB,Mega Tree/String 6,
522,Pixel 7,RGB,Mega Tree/String 6,
525,Pixel 8,RGB,Mega Tree/String 6,
528,Pixel 9,RGB,Mega Tree/String 6,
531,Pixel 10,RGB,Mega Tree/String 6,
534,Pixel 11,RGB,Mega Tree/String 6,
537,Pixel 12,RGB,Mega Tree/String 6,
540,Pixel 13,RGB,Mega Tree/String 6,
543,Pixel 14,RGB,Mega Tree/String 6,
546,Pixel 15,RGB,Mega Tree/String 6,
549,Pixel 16,RGB,Mega Tree/String 6,
552,Pixel 17,RGB,Mega Tree/String 6,
555,Pixel 18,RGB,Mega Tree/String 6,
558,Pixel 19,RGB,Mega Tree/String 6,
561,Pixel 20,RGB,Mega Tree/String 6,
564,Pixel 21,RGB,Mega Tree/String 6,
567,Pixel 22,RGB,Mega Tree/String 6,
570,Pixel 23,RGB,Mega Tree/String 6,
573,Pixel 24,RGB,Mega Tree/String 6,
576,Pixel 25,RGB,Mega Tree/String 6,
579,Pixel 1,RGB,Mega Tree/String 7,
582,Pixel 2,RGB,Mega Tree/String 7,
585,Pixel 3,RGB,Mega Tree/String 7,
588,Pixel 4,RGB,Mega Tree/String 7,
591,Pixel 5,RGB,Mega Tree/String 7,
594,Pixel 6,RGB,Mega Tree/String 7,
597,Pixel 7,RGB,Mega Tree/String 7,
600,Pixel 8,RGB,Mega Tree/String 7,
603,Pixel 9,RGB,Mega Tree/String 7,
606,Pixel 10,RGB,Mega Tree/String 7,
609,Pixel 11,RGB,Mega Tree/String 7,
612,Pixel 12,RGB,Mega Tree/String 7,
615,Pixel 13,RGB,Mega Tree/String 7,
618,Pixel 14,RGB,Mega Tree/String 7,
621,Pixel 15,RGB,Mega Tree/String 7,
624,Pixel 16,RGB,Mega Tree/String 7,
627,Pixel 17,RGB,Mega Tree/String 7,
630,Pixel 18,RGB,Mega Tree/String 7,
633,Pixel 19,RGB,Mega Tree/String 7,
636,Pixel 20,RGB,Mega Tree/String 7,
639,Pixel 21,RGB,Mega Tree/String 7,
642,Pixel 22,RGB,Mega Tree/String 7,
645,Pixel 23,RGB,Mega Tree/String 7,
648,Pixel 24,RGB,Mega Tree/String 7,
651,Pixel 25,RGB,Mega Tree/String 7,
654,Pixel 1,RGB,Mega Tree/String 8,
657,Pixel 2,RGB,Mega Tree/String 8,
660,Pixel 3,RGB,Mega Tree/String 8,
663,Pixel 4,RGB,Mega Tree/String 8,
666,Pixel 5,RGB,Mega Tree/String 8,
669,Pixel 6,RGB,Mega Tree/String 8,
672,Pixel 7,RGB,Mega Tree/String 8,
675,Pixel 8,RGB,Mega Tree/String 8,
678,Pixel 9,RGB,Mega Tree/String 8,
681,Pixel 10,RGB,Mega Tree/String 8,
684,Pixel 11,RGB,Mega Tree/String 8,
687,Pixel 12,RGB,Mega Tree/String 8,
690,Pixel 13,RGB,Mega Tree/String 8,
693,Pixel 14,RGB,Mega Tree/String 8,
696,Pixel 15,RGB,Mega Tree/String 8,
699,Pixel 16,RGB,Mega Tree/String 8,
702,Pixel 17,RGB,Mega Tree/String 8,
705,Pixel 18,RGB,Mega Tree/String 8,
708,Pixel 19,RGB,Mega Tree/String 8,
711,Pixel 20,RGB,Mega Tree/String 8,
714,Pixel 21,RGB,Mega Tree/String 8,
717,Pixel 22,RGB,Mega Tree/String 8,
720,Pixel 23,RGB,Mega Tree/String 8,
723,Pixel 24,RGB,Mega Tree/String 8,
726,Pixel 25,RGB,Mega Tree/String 8,
729,Pixel 1,RGB,Mega Tree/String 9,
732,Pixel 2,RGB,Mega Tree/String 9,
735,Pixel 3,RGB,Mega Tree/String 9,
738,Pixel 4,RGB,Mega Tree/String 9,
741,Pixel 5,RGB,Mega Tree/String 9,
744,Pixel 6,RGB,Mega Tree/String 9,
747,Pixel 7,RGB,Mega Tree/String 9,
750,Pixel 8,RGB,Mega Tree/String 9,
753,Pixel 9,RGB,Mega Tree/String 9,
756,Pixel 10,RGB,Mega Tree/String 9,
759,Pixel 11,RGB,Mega Tree/String 9,
762,Pixel 12,RGB,Mega Tree/String 9,
765,Pixel 13,RGB,Mega Tree/String 9,
768,Pixel 14,RGB,Mega Tree/String 9,
771,Pixel 15,RGB,Mega Tree/String 9,
774,Pixel 16,RGB,Mega Tree/String 9,
777,Pixel 17,RGB,Mega Tree/String 9,
780,Pixel 18,RGB,Mega Tree/String 9,
783,Pixel 19,RGB,Mega Tree/String 9,
786,Pixel 20,RGB,Mega Tree/String 9,
789,Pixel 21,RGB,Mega Tree/String 9,
792,Pixel 22,RGB,Mega Tree/String 9,
795,Pixel 23,RGB,Mega Tree/String 9,
798,Pixel 24,RGB,Mega Tree/String 9,
801,Pixel 25,RGB,Mega Tree/String 9,
804,Pixel 1,RGB,Mega Tree/String 10,
807,Pixel 2,RGB,Mega Tree/String 10,
810,Pixel 3,RGB,Mega Tree/String 10,
813,Pixel 4,RGB,Mega Tree/String 10,
816,Pixel 5,RGB,Mega Tree/String 10,
819,Pixel 6,RGB,Mega Tree/String 10,
822,Pixel 7,RGB,Mega Tree/String 10,
825,Pixel 8,RGB,Mega Tree/String 10,
828,Pixel 9,RGB,Mega Tree/String 10,
831,Pixel 10,RGB,Mega Tree/String 10,
834,Pixel 11,RGB,Mega Tree/String 10,
837,Pixel 12,RGB,Mega Tree/String 10,
840,Pixel 13,RGB,Mega Tree/String 10,
843,Pixel 14,RGB,Mega Tree/String 10,
846,Pixel 15,RGB,Mega Tree/String 10,
849,Pixel 16,RGB,Mega Tree/String 10,
852,Pixel 17,RGB,Mega Tree/String 10,
855,Pixel 18,RGB,Mega Tree/String 10,
858,Pixel 19,RGB,Mega Tree/String 10,
861,Pixel 20,RGB,Mega Tree/String 10,
864,Pixel 21,RGB,Mega Tree/String 10,
867,Pixel 22,RGB,Mega Tree/String 10,
870,Pixel 23,RGB,Mega Tree/String 10,
873,Pixel 24,RGB,Mega Tree/String 10,
876,Pixel 25,RGB,Mega Tree/String 10,
879,Pixel 1,RGB,Mega Tree/String 11,
882,Pixel 2,RGB,Mega Tree/String 11,
885,Pixel 3,RGB,Mega Tree/String 11,
888,Pixel 4,RGB,Mega Tree/String 11,
891,Pixel 5,RGB,Mega Tree/String 11,
894,Pixel 6,RGB,Mega Tree/String 11,
897,Pixel 7,RGB,Mega Tree/String 11,
900,Pixel 8,RGB,Mega Tree/String 11,
903,Pixel 9,RGB,Mega Tree/String 11,
906,Pixel 10,RGB,Mega Tree/String 11,
909,Pixel 11,RGB,Mega Tree/String 11,
912,Pixel 12,RGB,Mega Tree/String 11,
915,Pixel 13,RGB,Mega Tree/String 11,
918,Pixel 14,RGB,Mega Tree/String 11,
921,Pixel 15,RGB,Mega Tree/String 11,
924,Pixel 16,RGB,Mega Tree/String 11,
927,Pixel 17,RGB,Mega Tree/String 11,
930,Pixel 18,RGB,Mega Tree/String 11,
933,Pixel 19,RGB,Mega Tree/String 11,
936,Pixel 20,RGB,Mega Tree/String 11,
939,Pixel 21,RGB,Mega Tree/String 11,
942,Pixel 22,RGB,Mega Tree/String 11,
945,Pixel 23,RGB,Mega Tree/String 11,
948,Pixel 24,RGB,Mega Tree/String 11,
951,Pixel 25,RGB,Mega Tree/String 11,
954,Pixel 1,RGB,Mega Tree/String 12,
957,Pixel 2,RGB,Mega Tree/String 12,
960,Pixel 3,RGB,Mega Tree/String 12,
963,Pixel 4,RGB,Mega Tree/String 12,
966,Pixel 5,RGB,Mega Tree/String 12,
969,Pixel 6,RGB,Mega Tree/String 12,
972,Pixel 7,RGB,Mega Tree/String 12,
975,Pixel 8,RGB,Mega Tree/String 12,
978,Pixel 9,RGB,Mega Tree/String 12,
981,Pixel 10,RGB,Mega Tree/String 12,
984,Pixel 11,RGB,Mega Tree/String 12,
987,Pixel 12,RGB,Mega Tree/String 12,
990,Pixel 13,RGB,Mega Tree/String 12,
993,Pixel 14,RGB,Mega Tree/String 12,
996,Pixel 15,RGB,Mega Tree/String 12,
999,Pixel 16,RGB,Mega Tree/String 12,
1002,Pixel 17,RGB,Mega Tree/String 12,
1005,Pixel 18,RGB,Mega Tree/String 12,
1008,Pixel 19,RGB,Mega Tree/String 12,
1011,Pixel 20,RGB,Mega Tree/String 12,
1014,Pixel 21,RGB,Mega Tree/String 12,
1017,Pixel 22,RGB,Mega Tree/String 12,
1020,Pixel 23,RGB,Mega Tree/String 12,
1023,Pixel 24,RGB,Mega Tree/String 12,
1026,Pixel 25,RGB,Mega Tree/String 12,
1029,Pixel 1,RGB,Mega Tree/String 13,
1032,Pixel 2,RGB,Mega Tree/String 13,
1035,Pixel 3,RGB,Mega Tree/String 13,
1038,Pixel 4,RGB,Mega Tree/String 13,
1041,Pixel 5,RGB,Mega Tree/String 13,
1044,Pixel 6,RGB,Mega Tree/String 13,
1047,Pixel 7,RGB,Mega Tree/String 13,
1050,Pixel 8,RGB,Mega Tree/String 13,
1053,Pixel 9,RGB,Mega Tree/String 13,
1056,Pixel 10,RGB,Mega Tree/String 13,
1059,Pixel 11,RGB,Mega Tree/String 13,
1062,Pixel 12,RGB,Mega Tree/String 13,
1065,Pixel 13,RGB,Mega Tree/String 13,
1068,Pixel 14,RGB,Mega Tree/String 13,
1071,Pixel 15,RGB,Mega Tree/String 13,
1074,Pixel 16,RGB,Mega Tree/String 13,
1077,Pixel 17,RGB,Mega Tree/String 13,
1080,Pixel 18,RGB,Mega Tree/String 13,
1083,Pixel 19,RGB,Mega Tree/String 13,
1086,Pixel 20,RGB,Mega Tree/String 13,
1089,Pixel 21,RGB,Mega Tree/String 13,
1092,Pixel 22,RGB,Mega Tree/String 13,
1095,Pixel 23,RGB,Mega Tree/String 13,
1098,Pixel 24,RGB,Mega Tree/String 13,
1101,Pixel 25,RGB,Mega Tree/String 13,
1104,Pixel 1,RGB,Mega Tree/String 14,
1107,Pixel 2,RGB,Mega Tree/String 14,
1110,Pixel 3,RGB,Mega Tree/String 14,
1113,Pixel 4,RGB,Mega Tree/String 14,
1116,Pixel 5,RGB,Mega Tree/String 14,
1119,Pixel 6,RGB,Mega Tree/String 14,
1122,Pixel 7,RGB,Mega Tree/String 14,
1125,Pixel 8,RGB,Mega Tree/String 14,
1128,Pixel 9,RGB,Mega Tree/String 14,
1131,Pixel 10,RGB,Mega Tree/String 14,
1134,Pixel 11,RGB,Mega Tree/String 14,
1137,Pixel 12,RGB,Mega Tree/String 14,
1140,Pixel 13,RGB,Mega Tree/String 14,
1143,Pixel 14,RGB,Mega Tree/String 14,
1146,Pixel 15,RGB,Mega Tree/String 14,
1149,Pixel 16,RGB,Mega Tree/String 14,
1152,Pixel 17,RGB,Mega Tree/String 14,
1155,Pixel 18,RGB,Mega Tree/String 14,
1158,Pixel 19,RGB,Mega Tree/String 14,
1161,Pixel 20,RGB,Mega Tree/String 14,
1164,Pixel 21,RGB,Mega Tree/String 14,
1167,Pixel 22,RGB,Mega Tree/String 14,
1170,Pixel 23,RGB,Mega Tree/String 14,
1173,Pixel 24,RGB,Mega Tree/String 14,
1176,Pixel 25,RGB,Mega Tree/String 14,
1179,Pixel 1,RGB,Mega Tree/String 15,
1182,Pixel 2,RGB,Mega Tree/String 15,
1185,Pixel 3,RGB,Mega Tree/String 15,
1188,Pixel 4,RGB,Mega Tree/String 15,
1191,Pixel 5,RGB,Mega Tree/String 15,
1194,Pixel 6,RGB,Mega Tree/String 15,
1197,Pixel 7,RGB,Mega Tree/String 15,
1200,Pixel 8,RGB,Mega Tree/String 15,
1203,Pixel 9,RGB,Mega Tree/String 15,
1206,Pixel 10,RGB,Mega Tree/String 15,
1209,Pixel 11,RGB,Mega Tree/String 15,
1212,Pixel 12,RGB,Mega Tree/String 15,
1215,Pixel 13,RGB,Mega Tree/String 15,
1218,Pixel 14,RGB,Mega Tree/String 15,
1221,Pixel 15,RGB,Mega Tree/String 15,
1224,Pixel 16,RGB,Mega Tree/String 15,
1227,Pixel 17,RGB,Mega Tree/String 15,
1230,Pixel 18,RGB,Mega Tree/String 15,
1233,Pixel 19,RGB,Mega Tree/String 15,
1236,Pixel 20,RGB,Mega Tree/String 15,
1239,Pixel 21,RGB,Mega Tree/String 15,
1242,Pixel 22,RGB,Mega Tree/String 15,
1245,Pixel 23,RGB,Mega Tree/String 15,
1248,Pixel 24,RGB,Mega Tree/String 15,
1251,Pixel 25,RGB,Mega Tree/String 15,
1254,Pixel 1,RGB,Mega Tree/String 16,
1257,Pixel 2,RGB,Mega Tree/String 16,
1260,Pixel 3,RGB,Mega Tree/String 16,
1263,Pixel 4,RGB,Mega Tree/String 16,
1266,Pixel 5,RGB,Mega Tree/String 16,
1269,Pixel 6,RGB,Mega Tree/String 16,
1272,Pixel 7,RGB,Mega Tree/String 16,
1275,Pixel 8,RGB,Mega Tree/String 16,
1278,Pixel 9,RGB,Mega Tree/String 16,
1281,Pixel 10,RGB,Mega Tree/String 16,
1284,Pixel 11,RGB,Mega Tree/String 16,
1287,Pixel 12,RGB,Mega Tree/String 16,
1290,Pixel 13,RGB,Mega Tree/String 16,
1293,Pixel 14,RGB,Mega Tree/String 16,
1296,Pixel 15,RGB,Mega Tree/String 16,
1299,Pixel 16,RGB,Mega Tree/String 16,
1302,Pixel 17,RGB,Mega Tree/String 16,
1305,Pixel 18,RGB,Mega Tree/String 16,
1308,Pixel 19,RGB,Mega Tree/String 16,
1311,Pixel 20,RGB,Mega Tree/String 16,
1314,Pixel 21,RGB,Mega Tree/String 16,
1317,Pixel 22,RGB,Mega Tree/String 16,
1320,Pixel 23,RGB,Mega Tree/String 16,
1323,Pixel 24,RGB,Mega Tree/String 16,
1326,Pixel 25,RGB,Mega Tree/String 16,
1329,Pixel 1,RGB,Border/East,
1332,Pixel 2,RGB,Border/East,
1335,Pixel 3,RGB,Border/East,
1338,Pixel 4,RGB,Border/East,
1341,Pixel 5,RGB,Border/East,
1344,Pixel 6,RGB,Border/East,
1347,Pixel 7,RGB,Border/East,
1350,Pixel 8,RGB,Border/East,
1353,Pixel 9,RGB,Border/East,
1356,Pixel 10,RGB,Border/East,
1359,Pixel 11,RGB,Border/East,
1362,Pixel 12,RGB,Border/East,
1365,Pixel 13,RGB,Border/East,
1368,Pixel 14,RGB,Border/East,
1371,Pixel 15,RGB,Border/East,
1374,Pixel 16,RGB,Border/East,
1377,Pixel 17,RGB,Border/East,
1380,Pixel 18,RGB,Border/East,
1383,Pixel 19,RGB,Border/East,
1386,Pixel 20,RGB,Border/East,
1389,Pixel 21,RGB,Border/East,
1392,Pixel 22,RGB,Border/East,
1395,Pixel 23,RGB,Border/East,
1398,Pixel 24,RGB,Border/East,
1401,Pixel 25,RGB,Border/East,
1404,Pixel 26,RGB,Border/East,
1407,Pixel 27,RGB,Border/East,
1410,Pixel 28,RGB,Border/East,
1413,Pixel 29,RGB,Border/East,
1416,Pixel 30,RGB,Border/East,
1419,Pixel 31,RGB,Border/East,
1422,Pixel 32,RGB,Border/East,
1425,Pixel 33,RGB,Border/East,
1428,Pixel 34,RGB,Border/East,
1431,Pixel 35,RGB,Border/East,
1434,Pixel 36,RGB,Border/East,
1437,Pixel 37,RGB,Border/East,
1440,Pixel 38,RGB,Border/East,
1443,Pixel 39,RGB,Border/East,
1446,Pixel 40,RGB,Border/East,
1449,Pixel 41,RGB,Border/East,
1452,Pixel 42,RGB,Border/East,
1455,Pixel 43,RGB,Border/East,
1458,Pixel 44,RGB,Border/East,
1461,Pixel 45,RGB,Border/East,
1464,Pixel 46,RGB,Border/East,
1467,Pixel 47,RGB,Border/East,
1470,Pixel 48,RGB,Border/East,
1473,Pixel 49,RGB,Border/East,
1476,Pixel 50,RGB,Border/East,
1479,Pixel 51,RGB,Border/East,
1482,Pixel 52,RGB,Border/East,
1485,Pixel 53,RGB,Border/East,
1488,Pixel 54,RGB,Border/East,
1491,Pixel 55,RGB,Border/East,
1494,Pixel 56,RGB,Border/East,
1497,Pixel 57,RGB,Border/East,
1500,Pixel 58,RGB,Border/East,
1503,Pixel 59,RGB,Border/East,
1506,Pixel 60,RGB,Border/East,
1509,Pixel 61,RGB,Border/East,
1512,Pixel 1,RGB,Border/Top Eve,
1515,Pixel 2,RGB,Border/Top Eve,
1518,Pixel 3,RGB,Border/Top Eve,
1521,Pixel 4,RGB,Border/Top Eve,
1524,Pixel 5,RGB,Border/Top Eve,
1527,Pixel 6,RGB,Border/Top Eve,
1530,Pixel 7,RGB,Border/Top Eve,
1533,Pixel 8,RGB,Border/Top Eve,
1536,Pixel 9,RGB,Border/Top Eve,
1539,Pixel 10,RGB,Border/Top Eve,
1542,Pixel 11,RGB,Border/Top Eve,
1545,Pixel 12,RGB,Border/Top Eve,
1548,Pixel 13,RGB,Border/Top Eve,
1551,Pixel 14,RGB,Border/Top Eve,
1554,Pixel 15,RGB,Border/Top Eve,
1557,Pixel 16,RGB,Border/Top Eve,
1560,Pixel 17,RGB,Border/Top Eve,
1563,Pixel 18,RGB,Border/Top Eve,
1566,Pixel 19,RGB,Border/Top Eve,
1569,Pixel 20,RGB,Border/Top Eve,
1572,Pixel 21,RGB,Border/Top Eve,
1575,Pixel 22,RGB,Border/Top Eve,
1578,Pixel 23,RGB,Border/Top Eve,
1581,Pixel 24,RGB,Border/Top Eve,
1584,Pixel 25,RGB,Border/Top Eve,
1587,Pixel 26,RGB,Border/Top Eve,
1590,Pixel 27,RGB,Border/Top Eve,
1593,Pixel 28,RGB,Border/Top Eve,
1596,Pixel 29,RGB,Border/Top Eve,
1599,Pixel 30,RGB,Border/Top Eve,
1602,Pixel 31,RGB,Border/Top Eve,
1605,Pixel 32,RGB,Border/Top Eve,
1608,Pixel 33,RGB,Border/Top Eve,
1611,Pixel 34,RGB,Border/Top Eve,
1614,Pixel 35,RGB,Border/Top Eve,
1617,Pixel 36,RGB,Border/Top Eve,
1620,Pixel 37,RGB,Border/Top Eve,
1623,Pixel 38,RGB,Border/Top Eve,
1626,Pixel 39,RGB,Border/Top Eve,
1629,Pixel 40,RGB,Border/Top Eve,
1632,Pixel 41,RGB,Border/Top Eve,
1635,Pixel 42,RGB,Border/Top Eve,
1638,Pixel 43,RGB,Border/Top Eve,
1641,Pixel 44,RGB,Border/Top Eve,
1644,Pixel 45,RGB,Border/Top Eve,
1647,Pixel 46,RGB,Border/Top Eve,
1650,Pixel 47,RGB,Border/Top Eve,
1653,Pixel 48,RGB,Border/Top Eve,
1656,Pixel 49,RGB,Border/Top Eve,
1659,Pixel 50,RGB,Border/Top Eve,
1662,Pixel 51,RGB,Border/Top Eve,
1665,Pixel 52,RGB,Border/Top Eve,
1668,Pixel 53,RGB,Border/Top Eve,
1671,Pixel 54,RGB,Border/Top Eve,
1674,Pixel 55,RGB,Border/Top Eve,
1677,Pixel 56,RGB,Border/Top Eve,
1680,Pixel 57,RGB,Border/Top Eve,
1683,Pixel 58,RGB,Border/Top Eve,
1686,Pixel 59,RGB,Border/Top Eve,
1689,Pixel 60,RGB,Border/Top Eve,
1692,Pixel 61,RGB,Border/Top Eve,
1695,Pixel 62,RGB,Border/Top Eve,
1698,Pixel 63,RGB,Border/Top Eve,
1701,Pixel 64,RGB,Border/Top Eve,
1704,Pixel 65,RGB,Border/Top Eve,
1707,Pixel 66,RGB,Border/Top Eve,
1710,Pixel 67,RGB,Border/Top Eve,
1713,Pixel 68,RGB,Border/Top Eve,
1716,Pixel 69,RGB,Border/Top Eve,
1719,Pixel 70,RGB,Border/Top Eve,
1722,Pixel 71,RGB,Border/Top Eve,
1725,Pixel 72,RGB,Border/Top Eve,
1728,Pixel 73,RGB,Border/Top Eve,
1731,Pixel 74,RGB,Border/Top Eve,
1734,Pixel 75,RGB,Border/Top Eve,
1737,Pixel 76,RGB,Border/Top Eve,
1740,Pixel 77,RGB,Border/Top Eve,
1743,Pixel 78,RGB,Border/Top Eve,
1746,Pixel 79,RGB,Border/Top Eve,
1749,Pixel 80,RGB,Border/Top Eve,
1752,Pixel 81,RGB,Border/Top Eve,
1755,Pixel 82,RGB,Border/Top Eve,
1758,Pixel 83,RGB,Border/Top Eve,
1761,Pixel 84,RGB,Border/Top Eve,
1764,Pixel 85,RGB,Border/Top Eve,
1767,Pixel 86,RGB,Border/Top Eve,
1770,Pixel 87,RGB,Border/Top Eve,
1773,Pixel 88,RGB,Border/Top Eve,
1776,Pixel 89,RGB,Border/Top Eve,
1779,Pixel 90,RGB,Border/Top Eve,
1782,Pixel 91,RGB,Border/Top Eve,
1785,Pixel 92,RGB,Border/Top Eve,
1788,Pixel 93,RGB,Border/Top Eve,
1791,Pixel 94,RGB,Border/Top Eve,
1794,Pixel 95,RGB,Border/Top Eve,
1797,Pixel 96,RGB,Border/Top Eve,
1800,Pixel 97,RGB,Border/Top Eve,
1803,Pixel 98,RGB,Border/Top Eve,
1806,Pixel 99,RGB,Border/Top Eve,
1809,Pixel 100,RGB,Border/Top Eve,
1812,Pixel 101,RGB,Border/Top Eve,
1815,Pixel 102,RGB,Border/Top Eve,
1818,Pixel 103,RGB,Border/Top Eve,
1821,Pixel 104,RGB,Border/Top Eve,
1824,Pixel 105,RGB,Border/Top Eve,
1827,Pixel 106,RGB,Border/Top Eve,
1830,Pixel 107,RGB,Border/Top Eve,
1833,Pixel 108,RGB,Border/Top Eve,
1836,Pixel 109,RGB,Border/Top Eve,
1839,Pixel 110,RGB,Border/Top Eve,
1842,Pixel 111,RGB,Border/Top Eve,
1845,Pixel 112,RGB,Border/Top Eve,
1848,Pixel 113,RGB,Border/Top Eve,
1851,Pixel 114,RGB,Border/Top Eve,
1854,Pixel 115,RGB,Border/Top Eve,
1857,Pixel 116,RGB,Border/Top Eve,
1860,Pixel 117,RGB,Border/Top Eve,
1863,Pixel 118,RGB,Border/Top Eve,
1866,Pixel 119,RGB,Border/Top Eve,
1869,Pixel 120,RGB,Border/Top Eve,
1872,Pixel 121,RGB,Border/Top Eve,
1875,Pixel 122,RGB,Border/Top Eve,
1878,Pixel 123,RGB,Border/Top Eve,
1881,Pixel 124,RGB,Border/Top Eve,
1884,Pixel 125,RGB,Border/Top Eve,
1887,Pixel 126,RGB,Border/Top Eve,
1890,Pixel 127,RGB,Border/Top Eve,
1893,Pixel 128,RGB,Border/Top Eve,
1896,Pixel 129,RGB,Border/Top Eve,
1899,Pixel 130,RGB,Border/Top Eve,
1902,Pixel 131,RGB,Border/Top Eve,
1905,Pixel 132,RGB,Border/Top Eve,
1908,Pixel 133,RGB,Border/Top Eve,
1911,Pixel 134,RGB,Border/Top Eve,
1914,Pixel 135,RGB,Border/Top Eve,
1917,Pixel 136,RGB,Border/Top Eve,
1920,Pixel 137,RGB,Border/Top Eve,
1923,Pixel 138,RGB,Border/Top Eve,
1926,Pixel 139,RGB,Border/Top Eve,
1929,Pixel 140,RGB,Border/Top Eve,
1932,Pixel 141,RGB,Border/Top Eve,
1935,Pixel 142,RGB,Border/Top Eve,
1938,Pixel 143,RGB,Border/Top Eve,
1941,Pixel 144,RGB,Border/Top Eve,
1944,Pixel 145,RGB,Border/Top Eve,
1947,Pixel 146,RGB,Border/Top Eve,
1950,Pixel 147,RGB,Border/Top Eve,
1953,Pixel 148,RGB,Border/Top Eve,
1956,Pixel 149,RGB,Border/Top Eve,
1959,Pixel 150,RGB,Border/Top Eve,
1962,Pixel 1,RGB,Border/West,
1965,Pixel 2,RGB,Border/West,
1968,Pixel 3,RGB,Border/West,
1971,Pixel 4,RGB,Border/West,
1974,Pixel 5,RGB,Border/West,
1977,Pixel 6,RGB,Border/West,
1980,Pixel 7,RGB,Border/West,
1983,Pixel 8,RGB,Border/West,
1986,Pixel 9,RGB,Border/West,
1989,Pixel 10,RGB,Border/West,
1992,Pixel 11,RGB,Border/West,
1995,Pixel 12,RGB,Border/West,
1998,Pixel 13,RGB,Border/West,
2001,Pixel 14,RGB,Border/West,
2004,Pixel 15,RGB,Border/West,
2007,Pixel 16,RGB,Border/West,
2010,Pixel 17,RGB,Border/West,
2013,Pixel 18,RGB,Border/West,
2016,Pixel 19,RGB,Border/West,
2019,Pixel 20,RGB,Border/West,
2022,Pixel 21,RGB,Border/West,
2025,Pixel 22,RGB,Border/West,
2028,Pixel 23,RGB,Border/West,
2031,Pixel 24,RGB,Border/West,
2034,Pixel 25,RGB,Border/West,
2037,Pixel 26,RGB,Border/West,
2040,Pixel 27,RGB,Border/West,
2043,Pixel 28,RGB,Border/West,
2046,Pixel 29,RGB,Border/West,
2049,Pixel 30,RGB,Border/West,
2052,Pixel 31,RGB,Border/West,
2055,Pixel 32,RGB,Border/West,
2058,Pixel 33,RGB,Border/West,
2061,Pixel 34,RGB,Border/West,
2064,Pixel 35,RGB,Border/West,
2067,Pixel 36,RGB,Border/West,
2070,Pixel 37,RGB,Border/West,
2073,Pixel 38,RGB,Border/West,
2076,Pixel 39,RGB,Border/West,
2079,Pixel 40,RGB,Border/West,
2082,Pixel 41,RGB,Border/West,
2085,Pixel 42,RGB,Border/West,
2088,Pixel 43,RGB,Border/West,
2091,Pixel 44,RGB,Border/West,
2094,Pixel 45,RGB,Border/West,
2097,Pixel 46,RGB,Border/West,
2100,Pixel 47,RGB,Border/West,
2103,Pixel 48,RGB,Border/West,
2106,Pixel 49,RGB,Border/West,
2109,Pixel 50,RGB,Border/West,
2112,Pixel 51,RGB,Border/West,
2115,Pixel 52,RGB,Border/West,
2118,Pixel 53,RGB,Border/West,
2121,Pixel 54,RGB,Border/West,
2124,Pixel 55,RGB,Border/West,
2127,Pixel 56,RGB,Border/West,
2130,Pixel 57,RGB,Border/West,
2133,Pixel 58,RGB,Border/West,
2136,Pixel 59,RGB,Border/West,
2139,Pixel 60,RGB,Border/West,
2142,Pixel 61,RGB,Border/West,
